"id","timestamp1","source","actiontag","event_id","event_type","event_category","event_author","eventcreated","change_id","change_source","changetimestamp","change_targetasrobject_id","change_targetasrobject_origin","change_targetasrobject_destination","change_targetasrobject_flightnumber","change_targetasrobject_carrier","scheduledstart","scheduledend","change_attributes_last_aircraft_assigned","eobt","eibt","change_attributes_last_delay_applied","change_attributes_last_delay_on_arrival_applied"
"OPER-QLK_MVT_190512T20:04__VZCcoz4","2019-05-13 17:52:28.000","gui:scr11:actiontag:Create Flight-Leg~!~6002~!~VHEBJ~!~Local__D2gxGGc","Create Flight-Leg~","OPER-QLK_MVT_190512T20:04","MVT","OPER-QLK","cpe97","2019-05-12 20:04:47.000","QF_6002_MEL_SYD_19-05-14__ZRkv6BU","gui:scr11:actiontag:Create Flight-Leg~!~6002~!~VHEBJ~!~Local__D2gxGGc","2019-05-13 17:52:25.000","QF_6002_MEL_SYD_19-05-14","MEL","SYD","6002","QF","2019-05-14 02:00:00.000","2019-05-14 03:25:00.000","",,,,
"PLAN_MAINT-DOM_190513T20:30__BcRgys8","2019-05-14 09:02:34.000","gui:scr11:actiontag:Create Flight-Leg~!~6004~!~VHOJU~!~Local__q86cq2o","Create Flight-Leg~","PLAN_MAINT-DOM_190513T20:30","MAINT-DOM","PLAN","345090","2019-05-13 20:30:32.000","QF_6004_CNS_SYD_19-05-16__dgaM_F0","gui:scr11:actiontag:Create Flight-Leg~!~6004~!~VHOJU~!~Local__q86cq2o","2019-05-14 09:01:03.000","QF_6004_CNS_SYD_19-05-16","CNS","SYD","6004","QF","2019-05-16 05:00:00.000","2019-05-16 07:50:00.000","",,,,
"MECH_MAINT_VHZNA_190510T01:16__eKfRLXg","2019-05-10 02:32:40.000","gui:aco53:actiontag:Create Flight-Leg~!~6011~!~VHZNA~!~Local__iTdwi7M","Create Flight-Leg~","MECH_MAINT_VHZNA_190510T01:16","MAINT","MECH","SVA33","2019-05-10 01:16:58.000","QF_6011_MEL_SYD_19-05-13__QSXJSmI","gui:aco53:actiontag:Create Flight-Leg~!~6011~!~VHZNA~!~Local__iTdwi7M","2019-05-10 02:25:19.000","QF_6011_MEL_SYD_19-05-13","MEL","SYD","6011","QF","2019-05-12 21:00:00.000","2019-05-12 22:30:00.000","",,,,
"MECH_MAINT_VHEBL_190513T19:20__QcTCMh4","2019-05-13 19:21:09.000","gui:scr11:actiontag:Create Flight-Leg~!~6012~!~VHVYA~!~Local__A0rSEEs","Create Flight-Leg~","MECH_MAINT_VHEBL_190513T19:20","MAINT","MECH","scr11","2019-05-13 19:20:21.000","QF_6012_PER_BME_19-05-14__Cji0NBk","gui:scr11:actiontag:Create Flight-Leg~!~6012~!~VHVYA~!~Local__A0rSEEs","2019-05-13 19:18:06.000","QF_6012_PER_BME_19-05-14","PER","BME","6012","QF","2019-05-13 22:30:00.000","2019-05-14 00:55:00.000","",,,,
"MECH_MAINT_VHZNA_190510T01:16__8zqZKUI","2019-05-10 02:32:40.000","gui:aco53:actiontag:Create Flight-Leg~!~6016~!~VHZND~!~Local__dYyU3o0","Create Flight-Leg~","MECH_MAINT_VHZNA_190510T01:16","MAINT","MECH","SVA33","2019-05-10 01:16:58.000","QF_6016_BNE_SYD_19-05-11__BVXuLtI","gui:aco53:actiontag:Create Flight-Leg~!~6016~!~VHZND~!~Local__dYyU3o0","2019-05-10 02:23:56.000","QF_6016_BNE_SYD_19-05-11","BNE","SYD","6016","QF","2019-05-10 20:00:00.000","2019-05-10 21:35:00.000","",,,,
"MECH_MAINT_VHZNA_190510T01:16__EghhxDk","2019-05-10 02:32:40.000","gui:aco53:actiontag:Create Flight-Leg~!~6021~!~VHZND~!~Local__NaS-89k","Create Flight-Leg~","MECH_MAINT_VHZNA_190510T01:16","MAINT","MECH","SVA33","2019-05-10 01:16:58.000","QF_6021_SYD_BNE_19-05-13__2xX8GCU","gui:aco53:actiontag:Create Flight-Leg~!~6021~!~VHZND~!~Local__NaS-89k","2019-05-10 02:26:03.000","QF_6021_SYD_BNE_19-05-13","SYD","BNE","6021","QF","2019-05-12 23:30:00.000","2019-05-13 01:00:00.000","",,,,
"MECH_MAINT_VHZNA_190510T01:16__cZpDzS0","2019-05-10 02:32:40.000","gui:aco53:actiontag:Create Flight-Leg~!~6026~!~VHZNA~!~Local__oBOkOug","Create Flight-Leg~","MECH_MAINT_VHZNA_190510T01:16","MAINT","MECH","SVA33","2019-05-10 01:16:58.000","QF_6026_SYD_MEL_19-05-11__Pp6SPew","gui:aco53:actiontag:Create Flight-Leg~!~6026~!~VHZNA~!~Local__oBOkOug","2019-05-10 02:24:37.000","QF_6026_SYD_MEL_19-05-11","SYD","MEL","6026","QF","2019-05-10 22:30:00.000","2019-05-11 00:00:00.000","",,,,
"MECH_MAINT_VHVZC_190513T04:38__tTE3Gbk","2019-05-13 06:39:57.000","gui:kpa49:actiontag:Create Flight-Leg~!~6111~!~VHVZC~!~Local__vCwl7Jw","Create Flight-Leg~","MECH_MAINT_VHVZC_190513T04:38","MAINT","MECH","kpa49","2019-05-13 04:38:30.000","QF_6111_HBA_MEL_19-05-13__8MrL3PA","gui:kpa49:actiontag:Create Flight-Leg~!~6111~!~VHVZC~!~Local__vCwl7Jw","2019-05-13 06:39:19.000","QF_6111_HBA_MEL_19-05-13","HBA","MEL","6111","QF","2019-05-13 07:00:00.000","2019-05-13 08:15:00.000","",,,,
"MECH_MAINT_VHVYD_190507T03:05__zt1hNWU","2019-05-07 03:15:18.000","gui:319288:actiontag:Create Flight-Leg~!~6112~!~VHVYD~!~Local__9PTLqIY","Create Flight-Leg~","MECH_MAINT_VHVYD_190507T03:05","MAINT","MECH","267355","2019-05-07 03:05:02.000","QF_6112_MEL_SYD_19-05-07__86eDQNs","gui:319288:actiontag:Create Flight-Leg~!~6112~!~VHVYD~!~Local__9PTLqIY","2019-05-07 03:12:36.000","QF_6112_MEL_SYD_19-05-07","MEL","SYD","6112","QF","2019-05-07 07:35:00.000","2019-05-07 09:00:00.000","",,,,
"MECH_MAINT_VHVXF_190430T21:02__irEvpDw","2019-04-30 21:46:58.000","gui:kpa49:actiontag:Create Flight-Leg~!~6113~!~VHXZE~!~Local__Qa8sry8","Create Flight-Leg~","MECH_MAINT_VHVXF_190430T21:02","MAINT","MECH","kpa49","2019-04-30 21:02:30.000","QF_6113_ADL_MEL_19-05-01__9dDH1aQ","gui:kpa49:actiontag:Create Flight-Leg~!~6113~!~VHXZE~!~Local__Qa8sry8","2019-04-30 21:45:16.000","QF_6113_ADL_MEL_19-05-01","ADL","MEL","6113","QF","2019-05-01 01:00:00.000","2019-05-01 02:20:00.000","",,,,
"MECH_MAINT_VHVZC_190506T12:32__F58Lfcg","2019-05-06 12:33:51.000","gui:scr11:actiontag:Create Flight-Leg~!~6113~!~VHVXQ~!~Local__3cDaxQ0","Create Flight-Leg~","MECH_MAINT_VHVZC_190506T12:32","MAINT","MECH","scr11","2019-05-06 12:32:08.000","QF_6113_BNE_SYD_19-05-08___QqRrVI","gui:scr11:actiontag:Create Flight-Leg~!~6113~!~VHVXQ~!~Local__3cDaxQ0","2019-05-06 12:33:08.000","QF_6113_BNE_SYD_19-05-08","BNE","SYD","6113","QF","2019-05-08 02:00:00.000","2019-05-08 03:35:00.000","",,,,
"PLAN-QLK_ALL_190514T08:47__bEzycVU","2019-05-14 12:31:21.000","gui:scr11:actiontag:Create Flight-Leg~!~6114~!~VHEBL~!~Local__efU6Yl8","Create Flight-Leg~","PLAN-QLK_ALL_190514T08:47","ALL","PLAN-QLK","198168","2019-05-14 08:47:26.000","QF_6114_BME_PER_19-05-16__IHJ84WY","gui:scr11:actiontag:Create Flight-Leg~!~6114~!~VHEBL~!~Local__efU6Yl8","2019-05-14 12:30:59.000","QF_6114_BME_PER_19-05-16","BME","PER","6114","QF","2019-05-15 23:00:00.000","2019-05-16 01:45:00.000","",,,,
"OPER_PORT_MEL_190509T08:49__h2ukowk","2019-05-09 08:49:51.000","gui:319288:actiontag:Create Flight-Leg~!~6114~!~VHVXM~!~Local__BEZNvLc","Create Flight-Leg~","OPER_PORT_MEL_190509T08:49","PORT","OPER","319288","2019-05-09 08:49:50.000","QF_6114_BNE_SYD_19-05-09__Sf_92Vg","gui:319288:actiontag:Create Flight-Leg~!~6114~!~VHVXM~!~Local__BEZNvLc","2019-05-09 08:46:19.000","QF_6114_BNE_SYD_19-05-09","BNE","SYD","6114","QF","2019-05-09 11:00:00.000","2019-05-09 12:35:00.000","",,,,
"MECH_AOG_VHVXE_190502T16:27__XXEgxek","2019-05-03 05:03:16.000","gui:364016:actiontag:Create Flight-Leg~!~6116~!~VHVXE~!~Local__pghtO2Y","Create Flight-Leg~","MECH_AOG_VHVXE_190502T16:27","AOG","MECH","mhi01","2019-05-02 16:27:02.000","QF_6116_DRW_SYD_19-05-04__BDf8c00","gui:364016:actiontag:Create Flight-Leg~!~6116~!~VHVXE~!~Local__pghtO2Y","2019-05-03 05:02:32.000","QF_6116_DRW_SYD_19-05-04","DRW","SYD","6116","QF","2019-05-03 20:30:00.000","2019-05-04 00:45:00.000","",,,,
"MECH_MAINT_VHEBL_190513T19:20__vdGs1ak","2019-05-15 03:47:36.000","gui:fst11:actiontag:Create Flight-Leg~!~6124~!~VHEBL~!~Local__Z3BTy1g","Create Flight-Leg~","MECH_MAINT_VHEBL_190513T19:20","MAINT","MECH","scr11","2019-05-13 19:20:21.000","QF_6124_BME_SYD_19-05-16__k8-GTjQ","gui:fst11:actiontag:Create Flight-Leg~!~6124~!~VHEBL~!~Local__Z3BTy1g","2019-05-15 03:43:45.000","QF_6124_BME_SYD_19-05-16","BME","SYD","6124","QF","2019-05-16 00:00:00.000","2019-05-16 04:00:00.000","",,,,
"MECH_MAINT_VHEBL_190513T19:20__F50bTgI","2019-05-15 07:33:23.000","gui:fst11:actiontag:Create Flight-Leg~!~6134~!~VHEBL~!~Local__jQNmXUY","Create Flight-Leg~","MECH_MAINT_VHEBL_190513T19:20","MAINT","MECH","scr11","2019-05-13 19:20:21.000","QF_6134_BME_BNE_19-05-16__f64FQgo","gui:fst11:actiontag:Create Flight-Leg~!~6134~!~VHEBL~!~Local__jQNmXUY","2019-05-15 07:32:26.000","QF_6134_BME_BNE_19-05-16","BME","BNE","6134","QF","2019-05-16 05:00:00.000","2019-05-16 08:45:00.000","",,,,
"MECH_AOG_VHVXH_190510T07:12__UIDcaDI","2019-05-10 07:55:00.000","gui:319288:actiontag:Create Flight-Leg~!~6135~!~VHVXH~!~Local__qyaxKgs","Create Flight-Leg~","MECH_AOG_VHVXH_190510T07:12","AOG","MECH","aco53","2019-05-10 07:12:48.000","QF_6135_ADL_MEL_19-05-10__pIzBgnA","gui:319288:actiontag:Create Flight-Leg~!~6135~!~VHVXH~!~Local__qyaxKgs","2019-05-10 07:54:23.000","QF_6135_ADL_MEL_19-05-10","ADL","MEL","6135","QF","2019-05-10 13:00:00.000","2019-05-10 14:20:00.000","",,,,
"MECH_MAINT_VHEBD_190515T20:53__227L_J8","2019-05-16 04:38:25.000","gui:kpa49:actiontag:Create Flight-Leg~!~6144~!~VHEBD~!~Local__SOLb_6k","Create Flight-Leg~","MECH_MAINT_VHEBD_190515T20:53","MAINT","MECH","317357","2019-05-15 20:53:34.000","QF_6144_SYD_MEL_19-05-16__o9odRo0","gui:kpa49:actiontag:Create Flight-Leg~!~6144~!~VHEBD~!~Local__SOLb_6k","2019-05-16 04:27:00.000","QF_6144_SYD_MEL_19-05-16","SYD","MEL","6144","QF","2019-05-16 09:35:00.000","2019-05-16 11:10:00.000","",,,,
"WX_5NM_MEL_190510T03:21__pWTGY9I","2019-05-10 08:00:45.000","gui:319288:actiontag:Create Flight-Leg~!~6145~!~VHXZG~!~Local__EmctlJs","Create Flight-Leg~","WX_5NM_MEL_190510T03:21","5NM","WX","319288","2019-05-10 03:21:18.000","QF_6145_BNE_SYD_19-05-10__RFMnGR0","gui:319288:actiontag:Create Flight-Leg~!~6145~!~VHXZG~!~Local__EmctlJs","2019-05-10 07:59:05.000","QF_6145_BNE_SYD_19-05-10","BNE","SYD","6145","QF","2019-05-10 11:05:00.000","2019-05-10 12:30:00.000","",,,,
"MECH_MAINT_VHVXO_190516T06:32__1o9UorM","2019-05-16 07:13:34.000","gui:kpa49:actiontag:Create Flight-Leg~!~6154~!~VHVZF~!~Local__NfiJv-w","Create Flight-Leg~","MECH_MAINT_VHVXO_190516T06:32","MAINT","MECH","kpa49","2019-05-16 06:32:39.000","QF_6154_BNE_MEL_19-05-16__qEw8gws","gui:kpa49:actiontag:Create Flight-Leg~!~6154~!~VHVZF~!~Local__NfiJv-w","2019-05-16 07:12:46.000","QF_6154_BNE_MEL_19-05-16","BNE","MEL","6154","QF","2019-05-16 10:15:00.000","2019-05-16 12:40:00.000","",,,,
"MECH_MAINT_VHVXM_190516T08:50__yg0OW00","2019-05-16 08:50:08.000","gui:kpa49:actiontag:Create Flight-Leg~!~6164~!~VHVYE~!~Local___VQs-GA","Create Flight-Leg~","MECH_MAINT_VHVXM_190516T08:50","MAINT","MECH","kpa49","2019-05-16 08:50:05.000","QF_6164_ADL_MEL_19-05-16__2PSb0Ns","gui:kpa49:actiontag:Create Flight-Leg~!~6164~!~VHVYE~!~Local___VQs-GA","2019-05-16 08:47:53.000","QF_6164_ADL_MEL_19-05-16","ADL","MEL","6164","QF","2019-05-16 11:10:00.000","2019-05-16 12:30:00.000","",,,,
"PLAN-QLK_ALL_190430T08:23__IY5hZvA","2019-05-01 00:34:43.000","gui:202726:actiontag:Create Flight-Leg~!~6200~!~VHYQT~!~Local__Hcs6JrY","Create Flight-Leg~","PLAN-QLK_ALL_190430T08:23","ALL","PLAN-QLK","176171","2019-04-30 08:23:17.000","QF_6200_ASP_CNS_19-05-01__54VpPps","gui:202726:actiontag:Create Flight-Leg~!~6200~!~VHYQT~!~Local__Hcs6JrY","2019-05-01 00:32:34.000","QF_6200_ASP_CNS_19-05-01","ASP","CNS","6200","QF","2019-05-01 04:30:00.000","2019-05-01 06:40:00.000","",,,,
"MECH-QLK_MAINT_VHYQX_190516T01:20__jfpWljI","2019-05-16 05:44:50.000","gui:197721:actiontag:Create Flight-Leg~!~6200~!~VHYQX~!~Local__sLXNxLA","Create Flight-Leg~","MECH-QLK_MAINT_VHYQX_190516T01:20","MAINT","MECH-QLK","196474","2019-05-16 01:20:59.000","QF_6200_CBR_BNE_19-05-16__l1TiUIk","gui:197721:actiontag:Create Flight-Leg~!~6200~!~VHYQX~!~Local__sLXNxLA","2019-05-16 05:41:54.000","QF_6200_CBR_BNE_19-05-16","CBR","BNE","6200","QF","2019-05-16 08:20:00.000","2019-05-16 10:05:00.000","",,,,
"OPER_PORT_MEL_190503T21:21__jUGiFt0","2019-05-03 23:56:16.000","gui:197721:actiontag:Create Flight-Leg~!~6201~!~VHYQV~!~Local__AkRvzzs","Create Flight-Leg~","OPER_PORT_MEL_190503T21:21","PORT","OPER","931728","2019-05-03 21:21:55.000","QF_6201_CNS_BNE_19-05-04__GowwLCE","gui:197721:actiontag:Create Flight-Leg~!~6201~!~VHYQV~!~Local__AkRvzzs","2019-05-03 23:51:41.000","QF_6201_CNS_BNE_19-05-04","CNS","BNE","6201","QF","2019-05-04 03:00:00.000","2019-05-04 05:10:00.000","",,,,
"OPER-QLK_FA_QF_1753_CNS_BNE_19-05-08_190507T18:07__wjIkFzA","2019-05-07 18:30:25.000","gui:108658:actiontag:Create Flight-Leg~!~6201~!~VHYQT~!~Local__hrIvP8M","Create Flight-Leg~","OPER-QLK_FA_QF_1753_CNS_BNE_19-05-08_190507T18:07","FA","OPER-QLK","108658","2019-05-07 18:07:13.000","QF_6201_CNS_BNE_19-05-08__YpjFvE0","gui:108658:actiontag:Create Flight-Leg~!~6201~!~VHYQT~!~Local__hrIvP8M","2019-05-07 18:14:08.000","QF_6201_CNS_BNE_19-05-08","CNS","BNE","6201","QF","2019-05-07 19:25:00.000","2019-05-07 21:35:00.000","",,,,
"MECH-QLK_MAINT_VHNXO_190430T05:11__3yJ0woE","2019-04-30 05:18:58.000","gui:197721:actiontag:Create Flight-Leg~!~6202~!~VHNXO~!~Local__ZoKQFyA","Create Flight-Leg~","MECH-QLK_MAINT_VHNXO_190430T05:11","MAINT","MECH-QLK","197721","2019-04-30 05:11:10.000","QF_6202_AYQ_ASP_19-04-30__oRv3b34","gui:197721:actiontag:Create Flight-Leg~!~6202~!~VHNXO~!~Local__ZoKQFyA","2019-04-30 05:15:24.000","QF_6202_AYQ_ASP_19-04-30","AYQ","ASP","6202","QF","2019-04-30 06:45:00.000","2019-04-30 07:35:00.000","",,,,
"MECH-QLK_AOG_VHNXO_190503T03:46__OPNYvgw","2019-05-03 03:47:02.000","gui:197721:actiontag:Create Flight-Leg~!~6203~!~VHNXO~!~Local__ZC5XBI8","Create Flight-Leg~","MECH-QLK_AOG_VHNXO_190503T03:46","AOG","MECH-QLK","197721","2019-05-03 03:46:25.000","QF_6203_ASP_CNS_19-05-03__bKQmFp4","gui:197721:actiontag:Create Flight-Leg~!~6203~!~VHNXO~!~Local__ZC5XBI8","2019-05-03 03:42:44.000","QF_6203_ASP_CNS_19-05-03","ASP","CNS","6203","QF","2019-05-03 09:30:00.000","2019-05-03 11:40:00.000","",,,,
"OPER-QLK_TOW_VHNHY_190507T23:00__4nicZA8","2019-05-07 23:36:09.000","gui:197721:actiontag:Create Flight-Leg~!~6203~!~VHNXQ~!~Local__cyigKeY","Create Flight-Leg~","OPER-QLK_TOW_VHNHY_190507T23:00","TOW","OPER-QLK","197721","2019-05-07 23:00:22.000","QF_6203_CNS_SYD_19-05-08__HArx4T8","gui:197721:actiontag:Create Flight-Leg~!~6203~!~VHNXQ~!~Local__cyigKeY","2019-05-07 23:36:02.000","QF_6203_CNS_SYD_19-05-08","CNS","SYD","6203","QF","2019-05-08 03:00:00.000","2019-05-08 06:00:00.000","",,,,
"MECH-QLK_MAINT_VHNXO_190430T05:11__PlS2-wE","2019-04-30 05:24:34.000","gui:197721:actiontag:Create Flight-Leg~!~6204~!~VHNXO~!~Local__Kwp1NS4","Create Flight-Leg~","MECH-QLK_MAINT_VHNXO_190430T05:11","MAINT","MECH-QLK","197721","2019-04-30 05:11:10.000","QF_6204_AYQ_ASP_19-04-30__9yknlM8","gui:197721:actiontag:Create Flight-Leg~!~6204~!~VHNXO~!~Local__Kwp1NS4","2019-04-30 05:24:29.000","QF_6204_AYQ_ASP_19-04-30","AYQ","ASP","6204","QF","2019-04-30 07:00:00.000","2019-04-30 07:50:00.000","",,,,
"OPER-QLK_TOW_VHNHY_190507T23:00__mg3EquQ","2019-05-08 00:50:10.000","gui:197721:actiontag:Create Flight-Leg~!~6204~!~VHYQU~!~Local__bycgsNw","Create Flight-Leg~","OPER-QLK_TOW_VHNHY_190507T23:00","TOW","OPER-QLK","197721","2019-05-07 23:00:22.000","QF_6204_CBR_CNS_19-05-08__oTg86Jk","gui:197721:actiontag:Create Flight-Leg~!~6204~!~VHYQU~!~Local__bycgsNw","2019-05-08 00:49:47.000","QF_6204_CBR_CNS_19-05-08","CBR","CNS","6204","QF","2019-05-08 08:30:00.000","2019-05-08 11:30:00.000","",,,,
"OPER-QLK_MVT_190509T03:39__IdGm6_A","2019-05-10 06:54:47.000","gui:211872:actiontag:Create Flight-Leg~!~6670~!~VHLQG~!~Local__jLZGF5Q","Create Flight-Leg~","OPER-QLK_MVT_190509T03:39","MVT","OPER-QLK","cre27","2019-05-09 03:39:01.000","QF_6670_BNE_BNE_19-05-11__KFVdFcQ","gui:211872:actiontag:Create Flight-Leg~!~6670~!~VHLQG~!~Local__jLZGF5Q","2019-05-10 06:53:32.000","QF_6670_BNE_BNE_19-05-11","BNE","BNE","6670","QF","2019-05-11 00:30:00.000","2019-05-11 01:30:00.000","",,,,
"OPER-QLK_MVT_190510T22:42__tsDjxkQ","2019-05-11 04:07:38.000","gui:cpe97:actiontag:Create Flight-Leg~!~6670~!~VHSBT~!~Local__H28S-ho","Create Flight-Leg~","OPER-QLK_MVT_190510T22:42","MVT","OPER-QLK","cre27","2019-05-10 22:42:49.000","QF_6670_SYD_BNE_19-05-12__T1pYXHo","gui:cpe97:actiontag:Create Flight-Leg~!~6670~!~VHSBT~!~Local__H28S-ho","2019-05-11 04:07:35.000","QF_6670_SYD_BNE_19-05-12","SYD","BNE","6670","QF","2019-05-12 09:20:00.000","2019-05-12 11:20:00.000","",,,,
"OPER-QLK_MVT_190430T19:23__pOzRlHA","2019-05-01 01:03:57.000","gui:cpe97:actiontag:Create Flight-Leg~!~6671~!~VHLQB~!~Local__S4Wy7Ck","Create Flight-Leg~","OPER-QLK_MVT_190430T19:23","MVT","OPER-QLK","cpe97","2019-04-30 19:23:12.000","QF_6671_CNS_BNE_19-05-02__8oqqZZc","gui:cpe97:actiontag:Create Flight-Leg~!~6671~!~VHLQB~!~Local__S4Wy7Ck","2019-05-01 01:03:49.000","QF_6671_CNS_BNE_19-05-02","CNS","BNE","6671","QF","2019-05-01 21:00:00.000","2019-05-01 23:45:00.000","",,,,
"MECH-QLK_AOG_VHNHZ_190502T05:24__WZFRmtQ","2019-05-02 10:45:22.000","gui:612184:actiontag:Create Flight-Leg~!~6681~!~VHNHZ~!~Local__BFvavZ0","Create Flight-Leg~","MECH-QLK_AOG_VHNHZ_190502T05:24","AOG","MECH-QLK","196474","2019-05-02 05:24:10.000","QF_6681_ZNE_PER_19-05-03__pN9eACU","gui:612184:actiontag:Create Flight-Leg~!~6681~!~VHNHZ~!~Local__BFvavZ0","2019-05-02 10:45:09.000","QF_6681_ZNE_PER_19-05-03","ZNE","PER","6681","QF","2019-05-02 23:30:00.000","2019-05-03 01:15:00.000","",,,,
"OPER-QLK_MVT_190512T20:04__4huWwBc","2019-05-13 11:02:17.000","gui:202727:actiontag:Create Flight-Leg~!~6710~!~VHSBG~!~Local__erx9oKw","Create Flight-Leg~","OPER-QLK_MVT_190512T20:04","MVT","OPER-QLK","cpe97","2019-05-12 20:04:47.000","QF_6710_ABX_SYD_19-05-14__tVyPeWI","gui:202727:actiontag:Create Flight-Leg~!~6710~!~VHSBG~!~Local__erx9oKw","2019-05-13 11:01:57.000","QF_6710_ABX_SYD_19-05-14","ABX","SYD","6710","QF","2019-05-13 23:00:00.000","2019-05-14 00:25:00.000","",,,,
"MECH-QLK_AOG_VHSBB_190501T20:31__X0Fzra0","2019-05-02 08:19:43.000","gui:210336:actiontag:Create Flight-Leg~!~6710~!~VHSBB~!~Local__dOSDww4","Create Flight-Leg~","MECH-QLK_AOG_VHSBB_190501T20:31","AOG","MECH-QLK","cre27","2019-05-01 20:31:14.000","QF_6710_ARM_SYD_19-05-03__Mk8oaBs","gui:210336:actiontag:Create Flight-Leg~!~6710~!~VHSBB~!~Local__dOSDww4","2019-05-02 08:19:23.000","QF_6710_ARM_SYD_19-05-03","ARM","SYD","6710","QF","2019-05-02 20:45:00.000","2019-05-02 22:05:00.000","",,,,
"MECH-QLK_AOG_VHTQH_190505T09:46__dvrZ2M8","2019-05-07 00:39:17.000","gui:179598:actiontag:Create Flight-Leg~!~6710~!~VHTQH~!~Local__xeGdInQ","Create Flight-Leg~","MECH-QLK_AOG_VHTQH_190505T09:46","AOG","MECH-QLK","179598","2019-05-05 09:46:33.000","QF_6710_BXG_SYD_19-05-07__Z6d52MY","gui:179598:actiontag:Create Flight-Leg~!~6710~!~VHTQH~!~Local__xeGdInQ","2019-05-07 00:38:55.000","QF_6710_BXG_SYD_19-05-07","BXG","SYD","6710","QF","2019-05-07 10:15:00.000","2019-05-07 12:05:00.000","",,,,
"OPER-QLK_MVT_190510T22:42__jV0v1j4","2019-05-11 06:49:48.000","gui:cpe97:actiontag:Create Flight-Leg~!~6710~!~VHTQH~!~Local__tXIfy4s","Create Flight-Leg~","OPER-QLK_MVT_190510T22:42","MVT","OPER-QLK","cre27","2019-05-10 22:42:49.000","QF_6710_CBR_SYD_19-05-12__WzhmxtM","gui:cpe97:actiontag:Create Flight-Leg~!~6710~!~VHTQH~!~Local__tXIfy4s","2019-05-11 06:49:44.000","QF_6710_CBR_SYD_19-05-12","CBR","SYD","6710","QF","2019-05-11 23:30:00.000","2019-05-12 00:25:00.000","",,,,
"OPER-QLK_MVT_190509T03:39__7klbC20","2019-05-09 07:27:34.000","gui:cpe97:actiontag:Create Flight-Leg~!~6710~!~VHSBJ~!~Local__9oYY1Qg","Create Flight-Leg~","OPER-QLK_MVT_190509T03:39","MVT","OPER-QLK","cre27","2019-05-09 03:39:01.000","QF_6710_SYD_BNE_19-05-10__qbdBR2c","gui:cpe97:actiontag:Create Flight-Leg~!~6710~!~VHSBJ~!~Local__9oYY1Qg","2019-05-09 07:26:43.000","QF_6710_SYD_BNE_19-05-10","SYD","BNE","6710","QF","2019-05-10 01:00:00.000","2019-05-10 03:00:00.000","",,,,
"MECH-QLK_AOG_VHTQS_190505T05:10__M4tMfko","2019-05-05 05:34:35.000","gui:179598:actiontag:Create Flight-Leg~!~6710~!~VHTQX~!~Local__b3CFJyg","Create Flight-Leg~","MECH-QLK_AOG_VHTQS_190505T05:10","AOG","MECH-QLK","179598","2019-05-05 05:10:31.000","QF_6710_SYD_LDH_19-05-06__8lnv_oA","gui:179598:actiontag:Create Flight-Leg~!~6710~!~VHTQX~!~Local__b3CFJyg","2019-05-05 05:34:17.000","QF_6710_SYD_LDH_19-05-06","SYD","LDH","6710","QF","2019-05-05 21:00:00.000","2019-05-05 23:05:00.000","",,,,
"MECH-QLK_MAINT_VHSBW_190508T02:09__49CQGtk","2019-05-08 02:15:06.000","gui:cre27:actiontag:Create Flight-Leg~!~6710~!~VHSBJ~!~Local__nwIfzck","Create Flight-Leg~","MECH-QLK_MAINT_VHSBW_190508T02:09","MAINT","MECH-QLK","cre27","2019-05-08 02:09:43.000","QF_6710_SYD_TMW_19-05-09__NxIbERY","gui:cre27:actiontag:Create Flight-Leg~!~6710~!~VHSBJ~!~Local__nwIfzck","2019-05-08 02:14:41.000","QF_6710_SYD_TMW_19-05-09","SYD","TMW","6710","QF","2019-05-09 04:30:00.000","2019-05-09 05:45:00.000","",,,,
"OPER-QLK_Other_190514T00:39__5zNylbo","2019-05-14 00:41:28.000","gui:cre27:actiontag:Create Flight-Leg~!~6710~!~VHSBJ~!~Local__bJF--CE","Create Flight-Leg~","OPER-QLK_Other_190514T00:39","Other","OPER-QLK","cre27","2019-05-14 00:39:09.000","QF_6710_SYD_TMW_19-05-15__wuYpUm8","gui:cre27:actiontag:Create Flight-Leg~!~6710~!~VHSBJ~!~Local__bJF--CE","2019-05-14 00:39:41.000","QF_6710_SYD_TMW_19-05-15","SYD","TMW","6710","QF","2019-05-14 21:00:00.000","2019-05-14 22:15:00.000","",,,,
"OPER-QLK_MVT_190509T03:39__em-vdnU","2019-05-09 07:27:34.000","gui:cpe97:actiontag:Create Flight-Leg~!~6711~!~VHSBG~!~Local__KQclPMA","Create Flight-Leg~","OPER-QLK_MVT_190509T03:39","MVT","OPER-QLK","cre27","2019-05-09 03:39:01.000","QF_6711_BNE_SYD_19-05-10__7L6wK74","gui:cpe97:actiontag:Create Flight-Leg~!~6711~!~VHSBG~!~Local__KQclPMA","2019-05-09 07:27:15.000","QF_6711_BNE_SYD_19-05-10","BNE","SYD","6711","QF","2019-05-10 03:45:00.000","2019-05-10 05:35:00.000","",,,,
"OPER-QLK_Other_190515T03:52__uSr33Nc","2019-05-15 03:54:54.000","gui:cre27:actiontag:Create Flight-Leg~!~6711~!~VHSBT~!~Local__e0gyBdk","Create Flight-Leg~","OPER-QLK_Other_190515T03:52","Other","OPER-QLK","cre27","2019-05-15 03:52:53.000","QF_6711_BNE_SYD_19-05-16__UtguIfk","gui:cre27:actiontag:Create Flight-Leg~!~6711~!~VHSBT~!~Local__e0gyBdk","2019-05-15 03:54:38.000","QF_6711_BNE_SYD_19-05-16","BNE","SYD","6711","QF","2019-05-16 08:15:00.000","2019-05-16 10:05:00.000","",,,,
"MECH-QLK_AOG_VHTQS_190505T05:10__SrR3gBE","2019-05-05 05:37:32.000","gui:179598:actiontag:Create Flight-Leg~!~6711~!~VHTQS~!~Local__pSPcEVs","Create Flight-Leg~","MECH-QLK_AOG_VHTQS_190505T05:10","AOG","MECH-QLK","179598","2019-05-05 05:10:31.000","QF_6711_LDH_SYD_19-05-06__U-XmC54","gui:179598:actiontag:Create Flight-Leg~!~6711~!~VHTQS~!~Local__pSPcEVs","2019-05-05 05:37:19.000","QF_6711_LDH_SYD_19-05-06","LDH","SYD","6711","QF","2019-05-06 01:00:00.000","2019-05-06 03:15:00.000","",,,,
"MECH-QLK_MAINT_VHQOB_190503T05:27__jbNlIjs","2019-05-03 07:08:10.000","gui:lka15:actiontag:Create Flight-Leg~!~6711~!~VHQOK~!~Local__6EQRLrg","Create Flight-Leg~","MECH-QLK_MAINT_VHQOB_190503T05:27","MAINT","MECH-QLK","lka15","2019-05-03 05:27:49.000","QF_6711_PQQ_SYD_19-05-03__8GPeP_A","gui:lka15:actiontag:Create Flight-Leg~!~6711~!~VHQOK~!~Local__6EQRLrg","2019-05-03 07:08:05.000","QF_6711_PQQ_SYD_19-05-03","PQQ","SYD","6711","QF","2019-05-03 10:05:00.000","2019-05-03 11:10:00.000","",,,,
"PLAN-QLK_ALL_190504T00:27__KKBCfoE","2019-05-04 02:13:03.000","gui:179598:actiontag:Create Flight-Leg~!~6711~!~VHSCE~!~Local__Xy6IDpQ","Create Flight-Leg~","PLAN-QLK_ALL_190504T00:27","ALL","PLAN-QLK","198168","2019-05-04 00:27:45.000","QF_6711_SYD_ADL_19-05-07__vv3fClw","gui:179598:actiontag:Create Flight-Leg~!~6711~!~VHSCE~!~Local__Xy6IDpQ","2019-05-04 02:11:57.000","QF_6711_SYD_ADL_19-05-07","SYD","ADL","6711","QF","2019-05-06 21:00:00.000","2019-05-06 23:55:00.000","",,,,
"MECH-QLK_AOG_VHSBG_190513T04:15__7rj6I20","2019-05-14 20:23:45.000","gui:202727:actiontag:Create Flight-Leg~!~6712~!~VHSBG~!~Local__1tVgh2o","Create Flight-Leg~","MECH-QLK_AOG_VHSBG_190513T04:15","AOG","MECH-QLK","211872","2019-05-13 04:15:05.000","QF_6712_ABX_SYD_19-05-15__v6PikM0","gui:202727:actiontag:Create Flight-Leg~!~6712~!~VHSBG~!~Local__1tVgh2o","2019-05-14 20:23:29.000","QF_6712_ABX_SYD_19-05-15","ABX","SYD","6712","QF","2019-05-15 03:20:00.000","2019-05-15 04:45:00.000","",,,,
"OPER-QLK_MVT_190502T18:55__zo_knvw","2019-05-02 21:31:26.000","gui:cpe97:actiontag:Create Flight-Leg~!~6712~!~VHQOI~!~Local__hF6nMzk","Create Flight-Leg~","OPER-QLK_MVT_190502T18:55","MVT","OPER-QLK","cpe97","2019-05-02 18:55:51.000","QF_6712_HBA_SYD_19-05-03__vnRZj_8","gui:cpe97:actiontag:Create Flight-Leg~!~6712~!~VHQOI~!~Local__hF6nMzk","2019-05-02 21:30:55.000","QF_6712_HBA_SYD_19-05-03","HBA","SYD","6712","QF","2019-05-03 07:00:00.000","2019-05-03 09:15:00.000","",,,,
"MECH-QLK_MAINT_VHSBW_190508T02:09__lindSu8","2019-05-08 02:21:42.000","gui:cre27:actiontag:Create Flight-Leg~!~6712~!~VHSBJ~!~Local__t9i9bSs","Create Flight-Leg~","MECH-QLK_MAINT_VHSBW_190508T02:09","MAINT","MECH-QLK","cre27","2019-05-08 02:09:43.000","QF_6712_SYD_TMW_19-05-09__RdCulqI","gui:cre27:actiontag:Create Flight-Leg~!~6712~!~VHSBJ~!~Local__t9i9bSs","2019-05-08 02:20:29.000","QF_6712_SYD_TMW_19-05-09","SYD","TMW","6712","QF","2019-05-09 03:15:00.000","2019-05-09 04:30:00.000","",,,,
"OPER-QLK_Other_190513T21:39__HkeO7r0","2019-05-13 21:51:10.000","gui:cre27:actiontag:Create Flight-Leg~!~6712~!~VHSBW~!~Local__NKlDxIg","Create Flight-Leg~","OPER-QLK_Other_190513T21:39","Other","OPER-QLK","cre27","2019-05-13 21:39:19.000","QF_6712_TMW_BNE_19-05-14__hN1agkM","gui:cre27:actiontag:Create Flight-Leg~!~6712~!~VHSBW~!~Local__NKlDxIg","2019-05-13 21:50:45.000","QF_6712_TMW_BNE_19-05-14","TMW","BNE","6712","QF","2019-05-14 06:00:00.000","2019-05-14 07:10:00.000","",,,,
"MECH-QLK_AOG_VHQOH_190505T20:05__fksTXUY","2019-05-06 07:00:40.000","gui:lka15:actiontag:Create Flight-Leg~!~6713~!~VHQOH~!~Local__8AAIGk0","Create Flight-Leg~","MECH-QLK_AOG_VHQOH_190505T20:05","AOG","MECH-QLK","179575","2019-05-05 20:05:17.000","QF_6713_CBR_SYD_19-05-07__Ly-TXCY","gui:lka15:actiontag:Create Flight-Leg~!~6713~!~VHQOH~!~Local__8AAIGk0","2019-05-06 07:00:32.000","QF_6713_CBR_SYD_19-05-07","CBR","SYD","6713","QF","2019-05-06 21:40:00.000","2019-05-06 22:35:00.000","",,,,
"MECH-QLK_AOG_VHTQH_190509T21:38__vrHvNVE","2019-05-09 22:04:47.000","gui:179598:actiontag:Create Flight-Leg~!~6713~!~VHTQH~!~Local__xbMrtjA","Create Flight-Leg~","MECH-QLK_AOG_VHTQH_190509T21:38","AOG","MECH-QLK","179598","2019-05-09 21:38:36.000","QF_6713_CBR_SYD_19-05-10__3mmKA2E","gui:179598:actiontag:Create Flight-Leg~!~6713~!~VHTQH~!~Local__xbMrtjA","2019-05-09 22:04:27.000","QF_6713_CBR_SYD_19-05-10","CBR","SYD","6713","QF","2019-05-10 00:30:00.000","2019-05-10 01:25:00.000","",,,,
"MECH-QLK_AOG_VHTQH_190505T09:46__qAey6f0","2019-05-05 10:28:38.000","gui:179598:actiontag:Create Flight-Leg~!~6713~!~VHTQZ~!~Local__QW-o9MI","Create Flight-Leg~","MECH-QLK_AOG_VHTQH_190505T09:46","AOG","MECH-QLK","179598","2019-05-05 09:46:33.000","QF_6713_SYD_BXG_19-05-06__dM1IudU","gui:179598:actiontag:Create Flight-Leg~!~6713~!~VHTQZ~!~Local__QW-o9MI","2019-05-05 10:28:18.000","QF_6713_SYD_BXG_19-05-06","SYD","BXG","6713","QF","2019-05-05 23:00:00.000","2019-05-06 01:00:00.000","",,,,
"MECH-QLK_MAINT_VHSBW_190508T02:09__3Jtah5I","2019-05-08 02:21:42.000","gui:cre27:actiontag:Create Flight-Leg~!~6713~!~VHSBW~!~Local__Tu6JTqI","Create Flight-Leg~","MECH-QLK_MAINT_VHSBW_190508T02:09","MAINT","MECH-QLK","cre27","2019-05-08 02:09:43.000","QF_6713_TMW_SYD_19-05-09__8GQI0z4","gui:cre27:actiontag:Create Flight-Leg~!~6713~!~VHSBW~!~Local__Tu6JTqI","2019-05-08 02:21:23.000","QF_6713_TMW_SYD_19-05-09","TMW","SYD","6713","QF","2019-05-09 05:45:00.000","2019-05-09 06:55:00.000","",,,,
